WS ALAMI,,,,,,,,,,,,,,,,,,,,,,,,,,,,,,,
NO,TANGGAL,STOCK OAWAL,,,LOADING,,,PENJUALAN,,,SISA,,, HARGA ,NOMINAL HUTANG AWAL,NOMINAL PENJUALAN,NOMINAL SISA HUTANG,,TANGGAL,RIO,TOTAL,,STOCK MOTORIS,,,STOCK AGEN,,,STOCK GUDANG ALL,,
,,PACK,SLOP,BALL,PACK,SLOP,BALL,PACK,SLOP,BALL,PACK,SLOP,BALL,,,,,,,,,,PACK,SLOP,BALL,PACK,SLOP,BALL,PACK,SLOP,BALL
1,10 February 2026,,0.0,0,,0,0,0,0,0,0,0,0," Rp7,850 ", Rp-   , Rp-   , Rp-   ,,10 February 2026,,0,,10570,1057,52.85,0,0,0,10570,1057,52.85
2,11 February 2026,0,0.0,0,,0,0,0,0,0,0,0,0," Rp7,850 ", Rp-   , Rp-   , Rp-   ,,11 February 2026,,0,,10570,1057,52.85,0,0,0,10570,1057,52.85
3,12 February 2026,0,0.0,0,,0,0,0,0,0,0,0,0," Rp7,850 ", Rp-   , Rp-   , Rp-   ,,12 February 2026,,0,,10570,1057,52.85,0,0,0,10570,1057,52.85
4,13 February 2026,0,0.0,0,,0,0,0,0,0,0,0,0," Rp7,850 ", Rp-   , Rp-   , Rp-   ,,13 February 2026,,0,,10570,1057,52.85,0,0,0,10570,1057,52.85
5,14 February 2026,0,0.0,0,,0,0,0,0,0,0,0,0," Rp7,850 ", Rp-   , Rp-   , Rp-   ,,14 February 2026,,0,,26570,2657,132.85,0,0,0,26570,2657,132.85
6,15 February 2026,0,0.0,0,,0,0,0,0,0,0,0,0," Rp7,850 ", Rp-   , Rp-   , Rp-   ,,15 February 2026,,0,,26570,2657,132.85,0,0,0,26570,2657,132.85
7,16 February 2026,0,0.0,0,,0,0,0,0,0,0,0,0," Rp7,850 ", Rp-   , Rp-   , Rp-   ,,16 February 2026,,0,,26570,2657,132.85,0,0,0,26570,2657,132.85
8,17 February 2026,0,0.0,0,,0,0,0,0,0,0,0,0," Rp7,850 ", Rp-   , Rp-   , Rp-   ,,17 February 2026,,0,,26570,2657,132.85,0,0,0,26570,2657,132.85
9,18 February 2026,0,0.0,0,,0,0,0,0,0,0,0,0," Rp7,850 ", Rp-   , Rp-   , Rp-   ,,18 February 2026,,0,,26570,2657,132.85,0,0,0,26570,2657,132.85
10,19 February 2026,0,0.0,0,,0,0,0,0,0,0,0,0," Rp7,850 ", Rp-   , Rp-   , Rp-   ,,19 February 2026,,0,,26570,2657,132.85,0,0,0,26570,2657,132.85
11,20 February 2026,0,0.0,0,,0,0,0,0,0,0,0,0," Rp7,850 ", Rp-   , Rp-   , Rp-   ,,20 February 2026,,0,,26570,2657,132.85,0,0,0,26570,2657,132.85
12,21 February 2026,0,0.0,0,,0,0,0,0,0,0,0,0," Rp7,850 ", Rp-   , Rp-   , Rp-   ,,21 February 2026,,0,,44570,4457,222.85,0,0,0,44570,4457,222.85
13,22 February 2026,0,0.0,0,,0,0,0,0,0,0,0,0," Rp7,850 ", Rp-   , Rp-   , Rp-   ,,22 February 2026,,0,,44570,4457,222.85,0,0,0,44570,4457,222.85
14,23 February 2026,0,0.0,0,,0,0,0,0,0,0,0,0," Rp7,850 ", Rp-   , Rp-   , Rp-   ,,23 February 2026,,0,,44570,4457,222.85,0,0,0,44570,4457,222.85
15,24 February 2026,0,0.0,0,,0,0,0,0,0,0,0,0," Rp7,850 ", Rp-   , Rp-   , Rp-   ,,24 February 2026,,0,,44570,4457,222.85,0,0,0,44570,4457,222.85
16,25 February 2026,0,0.0,0,,0,0,0,0,0,0,0,0," Rp7,850 ", Rp-   , Rp-   , Rp-   ,,25 February 2026,,0,,44570,4457,222.85,0,0,0,44570,4457,222.85
17,26 February 2026,0,0.0,0,,0,0,0,0,0,0,0,0," Rp7,850 ", Rp-   , Rp-   , Rp-   ,,26 February 2026,,0,,44570,4457,222.85,0,0,0,44570,4457,222.85
18,27 February 2026,0,0.0,0,,0,0,0,0,0,0,0,0," Rp7,850 ", Rp-   , Rp-   , Rp-   ,,27 February 2026,,0,,44570,4457,222.85,0,0,0,44570,4457,222.85
19,28 February 2026,0,0.0,0,,0,0,0,0,0,0,0,0," Rp7,850 ", Rp-   , Rp-   , Rp-   ,,28 February 2026,,0,,66570,6657,332.85,0,0,0,66570,6657,332.85
20,01 March 2026,0,0.0,0,,0,0,0,0,0,0,0,0," Rp7,850 ", Rp-   , Rp-   , Rp-   ,,01 March 2026,,0,,66570,6657,332.85,0,0,0,66570,6657,332.85
21,02 March 2026,0,0.0,0,,0,0,0,0,0,0,0,0," Rp7,850 ", Rp-   , Rp-   , Rp-   ,,02 March 2026,,0,,66570,6657,332.85,0,0,0,66570,6657,332.85
22,03 March 2026,0,0.0,0,,0,0,0,0,0,0,0,0," Rp7,850 ", Rp-   , Rp-   , Rp-   ,,03 March 2026,,0,,66570,6657,332.85,0,0,0,66570,6657,332.85
23,04 March 2026,0,0.0,0,,0,0,0,0,0,0,0,0," Rp7,850 ", Rp-   , Rp-   , Rp-   ,,04 March 2026,,0,,66570,6657,332.85,0,0,0,66570,6657,332.85
24,05 March 2026,0,0.0,0,,0,0,0,0,0,0,0,0," Rp7,850 ", Rp-   , Rp-   , Rp-   ,,05 March 2026,,0,,66570,6657,332.85,0,0,0,66570,6657,332.85
25,06 March 2026,0,0.0,0,,0,0,0,0,0,0,0,0," Rp7,850 ", Rp-   , Rp-   , Rp-   ,,06 March 2026,,0,,66570,6657,332.85,0,0,0,66570,6657,332.85
26,07 March 2026,0,0.0,0,,0,0,0,0,0,0,0,0," Rp7,850 ", Rp-   , Rp-   , Rp-   ,,07 March 2026,,0,,66570,6657,332.85,0,0,0,66570,6657,332.85
27,08 March 2026,0,0.0,0,,0,0,0,0,0,0,0,0," Rp7,850 ", Rp-   , Rp-   , Rp-   ,,08 March 2026,,0,,66570,6657,332.85,0,0,0,66570,6657,332.85
28,09 March 2026,0,0.0,0,,0,0,0,0,0,0,0,0," Rp7,850 ", Rp-   , Rp-   , Rp-   ,,09 March 2026,,0,,66570,6657,332.85,0,0,0,66570,6657,332.85
29,10 March 2026,0,0.0,0,,0,0,0,0,0,0,0,0," Rp7,850 ", Rp-   , Rp-   , Rp-   ,,10 March 2026,,0,,66570,6657,332.85,0,0,0,66570,6657,332.85
30,11 March 2026,0,0.0,0,,0,0,0,0,0,0,0,0," Rp7,850 ", Rp-   , Rp-   , Rp-   ,,11 March 2026,,0,,66570,6657,332.85,0,0,0,66570,6657,332.85
31,12 March 2026,0,0.0,0,,0,0,0,0,0,0,0,0," Rp7,850 ", Rp-   , Rp-   , Rp-   ,,12 March 2026,,0,,66570,6657,332.85,0,0,0,66570,6657,332.85
,,,,,,,,,,,,,,,,,,,,,,,,,,,,,,,
,,,,,,,,,,,,,,,,,,,,,,,,,,,,,,,
,,,,,,,,,,,,,,,,,,,,,,,,,,,,,,,