ALAMI,,,,,,,,,,,,,,,,,,,,,,,,
NO,TANGGAL,STOCK OAWAL,,,LOADING,,,PENJUALAN,,,SISA,,, HARGA ,NOMINAL HUTANG AWAL,NOMINAL PENJUALAN,NOMINAL SISA HUTANG,,TANGGAL,AGUNG ,SIGIT ,DADANG ,HAFIDZ,TOTAL
,,PACK,SLOP,BALL,PACK,SLOP,BALL,PACK,SLOP,BALL,PACK,SLOP,BALL,,,,,,,,,,,
1,10 February 2026,10570,1057.0,52.85,,0,0,0,0,0,10570,1057,52.85," Rp7,950 "," Rp84,031,500 ", Rp-   ," Rp84,031,500 ",,10 February 2026,,,,,0
2,11 February 2026,10570,1057.0,52.85,,0,0,0,0,0,10570,1057,52.85," Rp7,950 "," Rp84,031,500 ", Rp-   ," Rp84,031,500 ",,11 February 2026,,,,,0
3,12 February 2026,10570,1057.0,52.85,,0,0,0,0,0,10570,1057,52.85," Rp7,950 "," Rp84,031,500 ", Rp-   ," Rp84,031,500 ",,12 February 2026,,,,,0
4,13 February 2026,10570,1057.0,52.85,,0,0,0,0,0,10570,1057,52.85," Rp7,950 "," Rp84,031,500 ", Rp-   ," Rp84,031,500 ",,13 February 2026,,,,,0
5,14 February 2026,10570,1057.0,52.85,16000,1600,80,0,0,0,26570,2657,132.85," Rp7,950 "," Rp84,031,500 ", Rp-   ," Rp211,231,500 ",,14 February 2026,,,,,0
6,15 February 2026,26570,2657.0,132.85,,0,0,0,0,0,26570,2657,132.85," Rp7,950 "," Rp211,231,500 ", Rp-   ," Rp211,231,500 ",,15 February 2026,,,,,0
7,16 February 2026,26570,2657.0,132.85,,0,0,0,0,0,26570,2657,132.85," Rp7,950 "," Rp211,231,500 ", Rp-   ," Rp211,231,500 ",,16 February 2026,,,,,0
8,17 February 2026,26570,2657.0,132.85,,0,0,0,0,0,26570,2657,132.85," Rp7,950 "," Rp211,231,500 ", Rp-   ," Rp211,231,500 ",,17 February 2026,,,,,0
9,18 February 2026,26570,2657.0,132.85,,0,0,0,0,0,26570,2657,132.85," Rp7,950 "," Rp211,231,500 ", Rp-   ," Rp211,231,500 ",,18 February 2026,,,,,0
10,19 February 2026,26570,2657.0,132.85,,0,0,0,0,0,26570,2657,132.85," Rp7,950 "," Rp211,231,500 ", Rp-   ," Rp211,231,500 ",,19 February 2026,,,,,0
11,20 February 2026,26570,2657.0,132.85,,0,0,0,0,0,26570,2657,132.85," Rp7,950 "," Rp211,231,500 ", Rp-   ," Rp211,231,500 ",,20 February 2026,,,,,0
12,21 February 2026,26570,2657.0,132.85,18000,1800,90,0,0,0,44570,4457,222.85," Rp7,950 "," Rp211,231,500 ", Rp-   ," Rp354,331,500 ",,21 February 2026,,,,,0
13,22 February 2026,44570,4457.0,222.85,,0,0,0,0,0,44570,4457,222.85," Rp7,950 "," Rp354,331,500 ", Rp-   ," Rp354,331,500 ",,22 February 2026,,,,,0
14,23 February 2026,44570,4457.0,222.85,,0,0,0,0,0,44570,4457,222.85," Rp7,950 "," Rp354,331,500 ", Rp-   ," Rp354,331,500 ",,23 February 2026,,,,,0
15,24 February 2026,44570,4457.0,222.85,,0,0,0,0,0,44570,4457,222.85," Rp7,950 "," Rp354,331,500 ", Rp-   ," Rp354,331,500 ",,24 February 2026,,,,,0
16,25 February 2026,44570,4457.0,222.85,,0,0,0,0,0,44570,4457,222.85," Rp7,950 "," Rp354,331,500 ", Rp-   ," Rp354,331,500 ",,25 February 2026,,,,,0
17,26 February 2026,44570,4457.0,222.85,,0,0,0,0,0,44570,4457,222.85," Rp7,950 "," Rp354,331,500 ", Rp-   ," Rp354,331,500 ",,26 February 2026,,,,,0
18,27 February 2026,44570,4457.0,222.85,,0,0,0,0,0,44570,4457,222.85," Rp7,950 "," Rp354,331,500 ", Rp-   ," Rp354,331,500 ",,27 February 2026,,,,,0
19,28 February 2026,44570,4457.0,222.85,22000,2200,110,0,0,0,66570,6657,332.85," Rp7,950 "," Rp354,331,500 ", Rp-   ," Rp529,231,500 ",,28 February 2026,,,,,0
20,01 March 2026,66570,6657.0,332.85,,0,0,0,0,0,66570,6657,332.85," Rp7,950 "," Rp529,231,500 ", Rp-   ," Rp529,231,500 ",,01 March 2026,,,,,0
21,02 March 2026,66570,6657.0,332.85,,0,0,0,0,0,66570,6657,332.85," Rp7,950 "," Rp529,231,500 ", Rp-   ," Rp529,231,500 ",,02 March 2026,,,,,0
22,03 March 2026,66570,6657.0,332.85,,0,0,0,0,0,66570,6657,332.85," Rp7,950 "," Rp529,231,500 ", Rp-   ," Rp529,231,500 ",,03 March 2026,,,,,0
23,04 March 2026,66570,6657.0,332.85,,0,0,0,0,0,66570,6657,332.85," Rp7,950 "," Rp529,231,500 ", Rp-   ," Rp529,231,500 ",,04 March 2026,,,,,0
24,05 March 2026,66570,6657.0,332.85,,0,0,0,0,0,66570,6657,332.85," Rp7,950 "," Rp529,231,500 ", Rp-   ," Rp529,231,500 ",,05 March 2026,,,,,0
25,06 March 2026,66570,6657.0,332.85,,0,0,0,0,0,66570,6657,332.85," Rp7,950 "," Rp529,231,500 ", Rp-   ," Rp529,231,500 ",,06 March 2026,,,,,0
26,07 March 2026,66570,6657.0,332.85,,0,0,0,0,0,66570,6657,332.85," Rp7,950 "," Rp529,231,500 ", Rp-   ," Rp529,231,500 ",,07 March 2026,,,,,0
27,08 March 2026,66570,6657.0,332.85,,0,0,0,0,0,66570,6657,332.85," Rp7,950 "," Rp529,231,500 ", Rp-   ," Rp529,231,500 ",,08 March 2026,,,,,0
28,09 March 2026,66570,6657.0,332.85,,0,0,0,0,0,66570,6657,332.85," Rp7,950 "," Rp529,231,500 ", Rp-   ," Rp529,231,500 ",,09 March 2026,,,,,0
29,10 March 2026,66570,6657.0,332.85,,0,0,0,0,0,66570,6657,332.85," Rp7,950 "," Rp529,231,500 ", Rp-   ," Rp529,231,500 ",,10 March 2026,,,,,0
30,11 March 2026,66570,6657.0,332.85,,0,0,0,0,0,66570,6657,332.85," Rp7,950 "," Rp529,231,500 ", Rp-   ," Rp529,231,500 ",,11 March 2026,,,,,0
31,12 March 2026,66570,6657.0,332.85,,0,0,0,0,0,66570,6657,332.85," Rp7,950 "," Rp529,231,500 ", Rp-   ," Rp529,231,500 ",,12 March 2026,,,,,0
,,,,,,,,,,, ,,,,,,,,,,,,,
,,,,,,,,,,,,,,,,,,,,,,,,
,,,,,,,,,,,,,,,,,,,,,,,,
,,,,,,,,,,,,,,,,,,,,,,,,
,,,,,,,,,,,,,,,,,,,,,,,,