BLUZY,,,,,,,,,,,,,,,,,,,,,,,,
NO,TANGGAL,STOCK OAWAL,,,LOADING,,,PENJUALAN,,,SISA,,, HARGA ,NOMINAL HUTANG AWAL,NOMINAL PENJUALAN,NOMINAL SISA HUTANG,,TANGGAL,AGUNG ,SIGIT ,DADANG ,HAFIDZ,TOTAL
,,PACK,SLOP,BALL,PACK,SLOP,BALL,PACK,SLOP,BALL,PACK,SLOP,BALL,,,,,,,,,,,
1,10 February 2026,278,27.8,1.39,,0,0,24,2.4,0.12,254,25.4,1.27," Rp8,400 "," Rp2,335,200 "," Rp201,600 "," Rp2,133,600 ",,10 February 2026,9,5,5,5,24
2,11 February 2026,254,25.4,1.27,,0,0,35,3.5,0.175,219,21.9,1.095," Rp8,400 "," Rp2,133,600 "," Rp294,000 "," Rp1,839,600 ",,11 February 2026,10,0,0,25,35
3,12 February 2026,219,21.9,1.095,,0,0,25,2.5,0.125,194,19.4,0.97," Rp8,400 "," Rp1,839,600 "," Rp210,000 "," Rp1,629,600 ",,12 February 2026,0,5,5,15,25
4,13 February 2026,194,19.4,0.97,,0,0,0,0,0,194,19.4,0.97," Rp8,400 "," Rp1,629,600 ", Rp-   ," Rp1,629,600 ",,13 February 2026,,,,,0
5,14 February 2026,194,19.4,0.97,400,40,2,10,1,0.05,584,58.4,2.92," Rp8,400 "," Rp1,629,600 "," Rp84,000 "," Rp4,905,600 ",,14 February 2026,10,0,0,0,10
6,15 February 2026,584,58.4,2.92,,0,0,40,4,0.2,544,54.4,2.72," Rp8,400 "," Rp4,905,600 "," Rp336,000 "," Rp4,569,600 ",,15 February 2026,0,30,0,10,40
7,16 February 2026,544,54.4,2.72,,0,0,81,8.1,0.405,463,46.3,2.315," Rp8,400 "," Rp4,569,600 "," Rp680,400 "," Rp3,889,200 ",,16 February 2026,10,50,21,0,81
8,17 February 2026,463,46.3,2.315,,0,0,15,1.5,0.075,448,44.8,2.24," Rp8,400 "," Rp3,889,200 "," Rp126,000 "," Rp3,763,200 ",,17 February 2026,0,15,0,0,15
9,18 February 2026,448,44.8,2.24,,0,0,67,6.7,0.335,381,38.1,1.905," Rp8,400 "," Rp3,763,200 "," Rp562,800 "," Rp3,200,400 ",,18 February 2026,10,0,2,55,67
10,19 February 2026,381,38.1,1.905,,0,0,10,1,0.05,371,37.1,1.855," Rp8,400 "," Rp3,200,400 "," Rp84,000 "," Rp3,116,400 ",,19 February 2026,0,5,5,0,10
11,20 February 2026,371,37.1,1.855,,0,0,0,0,0,371,37.1,1.855," Rp8,400 "," Rp3,116,400 ", Rp-   ," Rp3,116,400 ",,20 February 2026,,,,,0
12,21 February 2026,371,37.1,1.855,,0,0,18,1.8,0.09,353,35.3,1.765," Rp8,400 "," Rp3,116,400 "," Rp151,200 "," Rp2,965,200 ",,21 February 2026,10,0,8,0,18
13,22 February 2026,353,35.3,1.765,,0,0,50,5,0.25,303,30.3,1.515," Rp8,400 "," Rp2,965,200 "," Rp420,000 "," Rp2,545,200 ",,22 February 2026,10,30,0,10,50
14,23 February 2026,303,30.3,1.515,,0,0,65,6.5,0.325,238,23.8,1.19," Rp8,400 "," Rp2,545,200 "," Rp546,000 "," Rp1,999,200 ",,23 February 2026,10,50,5,0,65
15,24 February 2026,238,23.8,1.19,,0,0,35,3.5,0.175,203,20.3,1.015," Rp8,400 "," Rp1,999,200 "," Rp294,000 "," Rp1,705,200 ",,24 February 2026,0,35,0,0,35
16,25 February 2026,203,20.3,1.015,,0,0,25,2.5,0.125,178,17.8,0.89," Rp8,400 "," Rp1,705,200 "," Rp210,000 "," Rp1,495,200 ",,25 February 2026,0,5,0,20,25
17,26 February 2026,178,17.8,0.89,,0,0,27,2.7,0.135,151,15.1,0.755," Rp8,400 "," Rp1,495,200 "," Rp226,800 "," Rp1,268,400 ",,26 February 2026,0,10,7,10,27
18,27 February 2026,151,15.1,0.755,,0,0,0,0,0,151,15.1,0.755," Rp8,400 "," Rp1,268,400 ", Rp-   ," Rp1,268,400 ",,27 February 2026,,,,,0
19,28 February 2026,151,15.1,0.755,,0,0,0,0,0,151,15.1,0.755," Rp8,400 "," Rp1,268,400 ", Rp-   ," Rp1,268,400 ",,28 February 2026,0,0,0,0,0
20,01 March 2026,151,15.1,0.755,,0,0,45,4.5,0.225,106,10.6,0.53," Rp8,400 "," Rp1,268,400 "," Rp378,000 "," Rp890,400 ",,01 March 2026,10,25,0,10,45
21,02 March 2026,106,10.6,0.53,,0,0,0,0,0,106,10.6,0.53," Rp8,400 "," Rp890,400 ", Rp-   ," Rp890,400 ",,02 March 2026,,,,,0
22,03 March 2026,106,10.6,0.53,,0,0,0,0,0,106,10.6,0.53," Rp8,400 "," Rp890,400 ", Rp-   ," Rp890,400 ",,03 March 2026,,,,,0
23,04 March 2026,106,10.6,0.53,,0,0,0,0,0,106,10.6,0.53," Rp8,400 "," Rp890,400 ", Rp-   ," Rp890,400 ",,04 March 2026,,,,,0
24,05 March 2026,106,10.6,0.53,,0,0,0,0,0,106,10.6,0.53," Rp8,400 "," Rp890,400 ", Rp-   ," Rp890,400 ",,05 March 2026,,,,,0
25,06 March 2026,106,10.6,0.53,,0,0,0,0,0,106,10.6,0.53," Rp8,400 "," Rp890,400 ", Rp-   ," Rp890,400 ",,06 March 2026,,,,,0
26,07 March 2026,106,10.6,0.53,,0,0,0,0,0,106,10.6,0.53," Rp8,400 "," Rp890,400 ", Rp-   ," Rp890,400 ",,07 March 2026,,,,,0
27,08 March 2026,106,10.6,0.53,,0,0,0,0,0,106,10.6,0.53," Rp8,400 "," Rp890,400 ", Rp-   ," Rp890,400 ",,08 March 2026,,,,,0
28,09 March 2026,106,10.6,0.53,,0,0,0,0,0,106,10.6,0.53," Rp8,400 "," Rp890,400 ", Rp-   ," Rp890,400 ",,09 March 2026,,,,,0
29,10 March 2026,106,10.6,0.53,,0,0,0,0,0,106,10.6,0.53," Rp8,400 "," Rp890,400 ", Rp-   ," Rp890,400 ",,10 March 2026,,,,,0
30,11 March 2026,106,10.6,0.53,,0,0,0,0,0,106,10.6,0.53," Rp8,400 "," Rp890,400 ", Rp-   ," Rp890,400 ",,11 March 2026,,,,,0
31,12 March 2026,106,10.6,0.53,,0,0,0,0,0,106,10.6,0.53," Rp8,400 "," Rp890,400 ", Rp-   ," Rp890,400 ",,12 March 2026,,,,,0
,,,,,,,,,,,,,,,,,,,,,,,,
,,,,,,,,,,,,,,,,,,,,,,,,
,,,,,,,,,,,,,,,,,,,,,,,,
,,,,,,,,,,,,,,,,,,,,,,,,
,,,,,,,,,,,,,,,,,,,,,,,,
,,,,,,,,,,,,,,,,,,,,,,,,