NO,TANGGAL,QTY,,,,,,,,,,, NOMINAL UANG ,,,,,,,,,,, JUMLAH UANG ,,TANGGAL TRANSFER , PEMBAYARAN ,SISA HUTANG YANG JADI NOMINAL
,,WS TMA,TM ALAMI,BLUZY,OC,TG,FLS,PS MILD,PS S P I,PS S M I,PS S A I,PS S W I,WS TMA,TM ALAMI,BLUZY,OC,TG,FLS,PS MILD,PS S P I,PS S M I,PS S A I,PS S W I,,,,,
1,10 February 2025,0,0,5,0,0,0,0,0,0,0,0, Rp-   , Rp-   ," Rp201,600.00 ", Rp-   , Rp-   , Rp-   , Rp-   , Rp-   , Rp-   , Rp-   , Rp-   ," Rp201,600.00 ",,10 February 2026, Rp-   ," Rp201,600.00 "
2,11 February 2025,0,0,25,0,0,0,0,0,0,0,0, Rp-   , Rp-   ," Rp294,000.00 ", Rp-   , Rp-   , Rp-   , Rp-   , Rp-   , Rp-   , Rp-   , Rp-   ," Rp294,000.00 ",,11 February 2026, Rp-   ," Rp495,600.00 "
3,12 February 2025,0,0,15,0,0,0,0,0,0,0,0, Rp-   , Rp-   ," Rp210,000.00 ", Rp-   , Rp-   , Rp-   , Rp-   , Rp-   , Rp-   , Rp-   , Rp-   ," Rp210,000.00 ",,12 February 2026, Rp-   ," Rp705,600.00 "
4,13 February 2025,0,0,0,0,0,0,0,0,0,0,0, Rp-   , Rp-   , Rp-   , Rp-   , Rp-   , Rp-   , Rp-   , Rp-   , Rp-   , Rp-   , Rp-   , Rp-   ,,14 February 2026, Rp-   ," Rp705,600.00 "
5,14 February 2025,0,0,0,0,0,0,0,0,0,0,0, Rp-   , Rp-   ," Rp84,000.00 ", Rp-   , Rp-   , Rp-   , Rp-   , Rp-   , Rp-   , Rp-   , Rp-   ," Rp84,000.00 ",,16 February 2026, Rp-   ," Rp789,600.00 "
6,15 February 2025,0,0,10,0,0,0,0,0,0,0,0, Rp-   , Rp-   ," Rp336,000.00 ", Rp-   , Rp-   , Rp-   , Rp-   , Rp-   , Rp-   , Rp-   , Rp-   ," Rp336,000.00 ",,18 February 2026, Rp-   ," Rp1,125,600.00 "
7,16 February 2025,0,0,0,0,0,0,0,0,0,0,0, Rp-   , Rp-   ," Rp680,400.00 ", Rp-   , Rp-   , Rp-   , Rp-   , Rp-   , Rp-   , Rp-   , Rp-   ," Rp680,400.00 ",,19 February 2026, Rp-   ," Rp1,806,000.00 "
8,17 February 2025,0,0,0,0,0,0,0,0,0,0,0, Rp-   , Rp-   ," Rp126,000.00 ", Rp-   , Rp-   , Rp-   , Rp-   , Rp-   , Rp-   , Rp-   , Rp-   ," Rp126,000.00 ",,19 February 2026, Rp-   ," Rp1,932,000.00 "
9,18 February 2025,0,0,55,0,0,0,0,0,0,0,0, Rp-   , Rp-   ," Rp562,800.00 ", Rp-   , Rp-   , Rp-   , Rp-   , Rp-   , Rp-   , Rp-   , Rp-   ," Rp562,800.00 ",,21 February 2026, Rp-   ," Rp2,494,800.00 "
10,19 February 2025,0,0,0,0,0,0,0,0,0,0,0, Rp-   , Rp-   ," Rp84,000.00 ", Rp-   , Rp-   , Rp-   , Rp-   , Rp-   , Rp-   , Rp-   , Rp-   ," Rp84,000.00 ",,23 February 2026, Rp-   ," Rp2,578,800.00 "
11,20 February 2025,0,0,0,0,0,0,0,0,0,0,0, Rp-   , Rp-   , Rp-   , Rp-   , Rp-   , Rp-   , Rp-   , Rp-   , Rp-   , Rp-   , Rp-   , Rp-   ,,24 February 2026, Rp-   ," Rp2,578,800.00 "
12,21 February 2025,0,0,0,20,0,0,0,0,0,0,10, Rp-   , Rp-   ," Rp151,200.00 "," Rp864,000.00 ", Rp-   , Rp-   , Rp-   ," Rp347,200.00 "," Rp322,400.00 "," Rp198,400.00 "," Rp248,000.00 "," Rp2,131,200.00 ",,27 February 2026, Rp-   ," Rp4,710,000.00 "
13,22 February 2025,0,0,10,20,0,0,0,8,6,6,9, Rp-   , Rp-   ," Rp420,000.00 "," Rp864,000.00 ", Rp-   , Rp-   , Rp-   ," Rp297,600.00 "," Rp173,600.00 "," Rp198,400.00 "," Rp223,200.00 "," Rp2,176,800.00 ",,28 February 2026," Rp25,440,000.00 "," Rp6,886,800.00 "
14,23 February 2025,0,0,0,20,0,0,0,0,0,0,1, Rp-   , Rp-   ," Rp546,000.00 "," Rp864,000.00 ", Rp-   , Rp-   , Rp-   ," Rp49,600.00 "," Rp49,600.00 "," Rp49,600.00 "," Rp24,800.00 "," Rp1,583,600.00 ",,01 March 2026," Rp33,872,900.00 "," Rp8,470,400.00 "
15,24 February 2025,0,0,0,5,0,0,0,4,1,1,3, Rp-   , Rp-   ," Rp294,000.00 "," Rp702,000.00 ", Rp-   , Rp-   , Rp-   ," Rp148,800.00 "," Rp74,400.00 "," Rp74,400.00 "," Rp74,400.00 "," Rp1,368,000.00 ",,02 March 2026,," Rp9,838,400.00 "
16,25 February 2025,0,0,20,29,0,0,0,0,0,1,5, Rp-   , Rp-   ," Rp210,000.00 "," Rp961,200.00 ", Rp-   , Rp-   , Rp-   ," Rp49,600.00 "," Rp124,000.00 "," Rp198,400.00 "," Rp124,000.00 "," Rp1,667,200.00 ",,03 March 2026,," Rp11,505,600.00 "
17,26 February 2025,0,0,10,26,0,0,0,0,0,0,12, Rp-   , Rp-   ," Rp226,800.00 "," Rp1,144,800.00 ", Rp-   , Rp-   , Rp-   ," Rp248,000.00 "," Rp223,200.00 "," Rp297,600.00 "," Rp297,600.00 "," Rp2,438,000.00 ",,04 March 2026,," Rp13,943,600.00 "
18,27 February 2025,0,0,0,0,0,0,0,0,0,0,0, Rp-   , Rp-   , Rp-   , Rp-   , Rp-   , Rp-   , Rp-   , Rp-   , Rp-   , Rp-   , Rp-   , Rp-   ,,05 March 2026,," Rp13,943,600.00 "
19,28 February 2025,0,0,0,0,0,0,0,0,0,0,0, Rp-   , Rp-   , Rp-   , Rp-   , Rp-   , Rp-   , Rp-   , Rp-   , Rp-   , Rp-   , Rp-   , Rp-   ,,,,
20,01 March 2025,0,0,10,55,0,0,0,0,0,0,4, Rp-   , Rp-   ," Rp378,000.00 "," Rp3,326,400.00 ", Rp-   , Rp-   , Rp-   ," Rp248,000.00 ", Rp-   ," Rp347,200.00 "," Rp99,200.00 "," Rp4,398,800.00 ",,,,
21,02 March 2025,0,0,0,35,0,0,0,0,0,0,0, Rp-   , Rp-   , Rp-   ," Rp2,106,000.00 ", Rp-   , Rp-   , Rp-   , Rp-   , Rp-   , Rp-   , Rp-   ," Rp2,106,000.00 ",,,,
22,03 March 2025,0,0,0,0,0,0,0,0,0,0,0, Rp-   , Rp-   , Rp-   , Rp-   , Rp-   , Rp-   , Rp-   , Rp-   , Rp-   , Rp-   , Rp-   , Rp-   ,,,,
23,04 March 2025,0,0,0,0,0,0,0,0,0,0,0, Rp-   , Rp-   , Rp-   , Rp-   , Rp-   , Rp-   , Rp-   , Rp-   , Rp-   , Rp-   , Rp-   , Rp-   ,,,,
24,05 March 2025,0,0,0,0,0,0,0,0,0,0,0, Rp-   , Rp-   , Rp-   , Rp-   , Rp-   , Rp-   , Rp-   , Rp-   , Rp-   , Rp-   , Rp-   , Rp-   ,,,,
25,06 March 2025,0,0,0,0,0,0,0,0,0,0,0, Rp-   , Rp-   , Rp-   , Rp-   , Rp-   , Rp-   , Rp-   , Rp-   , Rp-   , Rp-   , Rp-   , Rp-   ,,,,
26,07 March 2025,0,0,0,0,0,0,0,0,0,0,0, Rp-   , Rp-   , Rp-   , Rp-   , Rp-   , Rp-   , Rp-   , Rp-   , Rp-   , Rp-   , Rp-   , Rp-   ,,,,
27,08 March 2025,0,0,0,0,0,0,0,0,0,0,0, Rp-   , Rp-   , Rp-   , Rp-   , Rp-   , Rp-   , Rp-   , Rp-   , Rp-   , Rp-   , Rp-   , Rp-   ,,,,
28,09 March 2025,0,0,0,0,0,0,0,0,0,0,0, Rp-   , Rp-   , Rp-   , Rp-   , Rp-   , Rp-   , Rp-   , Rp-   , Rp-   , Rp-   , Rp-   , Rp-   ,,,,
29,10 March 2025,0,0,0,0,0,0,0,0,0,0,0, Rp-   , Rp-   , Rp-   , Rp-   , Rp-   , Rp-   , Rp-   , Rp-   , Rp-   , Rp-   , Rp-   , Rp-   ,,,,
30,11 March 2025,0,0,0,0,0,0,0,0,0,0,0, Rp-   , Rp-   , Rp-   , Rp-   , Rp-   , Rp-   , Rp-   , Rp-   , Rp-   , Rp-   , Rp-   , Rp-   ,,,,
31,12 March 2025,0,0,0,0,0,0,0,0,0,0,0, Rp-   , Rp-   , Rp-   , Rp-   , Rp-   , Rp-   , Rp-   , Rp-   , Rp-   , Rp-   , Rp-   , Rp-   ,,,,
,,,,,,,,,,,,,,,,,,,,,,,,,,,,
,,,,,,,,,,,,,,,,,,,,,,,,,,,,
TOTAL,,0,0,160,210,0,0,0,12,7,8,44, Rp- , Rp- ," Rp4,804,800 "," Rp10,832,400 ", Rp- , Rp- , Rp- ," Rp1,388,800 "," Rp967,200 "," Rp1,364,000 "," Rp1,091,200 "," Rp20,448,400 ",,,,
,,,,,,,,,,,,,,,,,,,,,,,,,,,,