ORIENTAL CLASS,,,,,,,,,,,,,,,,,,,,,,,,
NO,TANGGAL,STOCK OAWAL,,,LOADING,,,PENJUALAN,,,SISA,,, HARGA ,NOMINAL HUTANG AWAL,NOMINAL PENJUALAN,NOMINAL SISA HUTANG,,TANGGAL,AGUNG ,SIGIT ,DADANG ,HAFIDZ,TOTAL
,,PACK,SLOP,BALL,PACK,SLOP,BALL,PACK,SLOP,BALL,PACK,SLOP,BALL,,,,,,,,,,,
1,10 February 2026,,0.0,0,,0,0,0,0,0,0,0,0," Rp10,800 ", Rp-   , Rp-   , Rp-   ,,10 February 2026,,,,,0
2,11 February 2026,0,0.0,0,,0,0,0,0,0,0,0,0," Rp10,800 ", Rp-   , Rp-   , Rp-   ,,11 February 2026,,,,,0
3,12 February 2026,0,0.0,0,,0,0,0,0,0,0,0,0," Rp10,800 ", Rp-   , Rp-   , Rp-   ,,12 February 2026,,,,,0
4,13 February 2026,0,0.0,0,,0,0,0,0,0,0,0,0," Rp10,800 ", Rp-   , Rp-   , Rp-   ,,13 February 2026,,,,,0
5,14 February 2026,0,0.0,0,,0,0,0,0,0,0,0,0," Rp10,800 ", Rp-   , Rp-   , Rp-   ,,14 February 2026,,,,,0
6,15 February 2026,0,0.0,0,,0,0,0,0,0,0,0,0," Rp10,800 ", Rp-   , Rp-   , Rp-   ,,15 February 2026,,,,,0
7,16 February 2026,0,0.0,0,,0,0,0,0,0,0,0,0," Rp10,800 ", Rp-   , Rp-   , Rp-   ,,16 February 2026,,,,,0
8,17 February 2026,0,0.0,0,,0,0,0,0,0,0,0,0," Rp10,800 ", Rp-   , Rp-   , Rp-   ,,17 February 2026,,,,,0
9,18 February 2026,0,0.0,0,,0,0,0,0,0,0,0,0," Rp10,800 ", Rp-   , Rp-   , Rp-   ,,18 February 2026,,,,,0
10,19 February 2026,0,0.0,0,,0,0,0,0,0,0,0,0," Rp10,800 ", Rp-   , Rp-   , Rp-   ,,19 February 2026,,,,,0
11,20 February 2026,0,0.0,0,,0,0,0,0,0,0,0,0," Rp10,800 ", Rp-   , Rp-   , Rp-   ,,20 February 2026,,,,,0
12,21 February 2026,0,0.0,0,500,50,5,80,8,0.8,420,42,4.2," Rp10,800 ", Rp-   ," Rp864,000 "," Rp4,536,000 ",,21 February 2026,20,20,20,20,80
13,22 February 2026,420,42.0,4.2,,0,0,80,8,0.8,340,34,3.4," Rp10,800 "," Rp4,536,000 "," Rp864,000 "," Rp3,672,000 ",,22 February 2026,20,20,20,20,80
14,23 February 2026,340,34.0,3.4,,0,0,80,8,0.8,260,26,2.6," Rp10,800 "," Rp3,672,000 "," Rp864,000 "," Rp2,808,000 ",,23 February 2026,20,20,20,20,80
15,24 February 2026,260,26.0,2.6,,0,0,65,6.5,0.65,195,19.5,1.95," Rp10,800 "," Rp2,808,000 "," Rp702,000 "," Rp2,106,000 ",,24 February 2026,20,20,20,5,65
16,25 February 2026,195,19.5,1.95,,0,0,89,8.9,0.89,106,10.6,1.06," Rp10,800 "," Rp2,106,000 "," Rp961,200 "," Rp1,144,800 ",,25 February 2026,20,20,20,29,89
17,26 February 2026,106,10.6,1.06,,0,0,106,10.6,1.06,0,0,0," Rp10,800 "," Rp1,144,800 "," Rp1,144,800 ", Rp-   ,,26 February 2026,30,30,20,26,106
18,27 February 2026,0,0.0,0,,0,0,0,0,0,0,0,0," Rp10,800 ", Rp-   , Rp-   , Rp-   ,,27 February 2026,,,,,0
19,28 February 2026,0,0.0,0,1000,100,10,0,0,0,1000,100,10," Rp10,800 ", Rp-   , Rp-   ," Rp10,800,000 ",,28 February 2026,0,0,0,0,0
20,01 March 2026,1000,100.0,10,,0,0,308,30.8,3.08,692,69.2,6.92," Rp10,800 "," Rp10,800,000 "," Rp3,326,400 "," Rp7,473,600 ",,01 March 2026,90,90,73,55,308
21,02 March 2026,692,69.2,6.92,,0,0,195,19.5,1.95,497,49.7,4.97," Rp10,800 "," Rp7,473,600 "," Rp2,106,000 "," Rp5,367,600 ",,02 March 2026,60,70,30,35,195
22,03 March 2026,497,49.7,4.97,,0,0,0,0,0,497,49.7,4.97," Rp10,800 "," Rp5,367,600 ", Rp-   ," Rp5,367,600 ",,03 March 2026,,,,,0
23,04 March 2026,497,49.7,4.97,,0,0,0,0,0,497,49.7,4.97," Rp10,800 "," Rp5,367,600 ", Rp-   ," Rp5,367,600 ",,04 March 2026,,,,,0
24,05 March 2026,497,49.7,4.97,,0,0,0,0,0,497,49.7,4.97," Rp10,800 "," Rp5,367,600 ", Rp-   ," Rp5,367,600 ",,05 March 2026,,,,,0
25,06 March 2026,497,49.7,4.97,,0,0,0,0,0,497,49.7,4.97," Rp10,800 "," Rp5,367,600 ", Rp-   ," Rp5,367,600 ",,06 March 2026,,,,,0
26,07 March 2026,497,49.7,4.97,,0,0,0,0,0,497,49.7,4.97," Rp10,800 "," Rp5,367,600 ", Rp-   ," Rp5,367,600 ",,07 March 2026,,,,,0
27,08 March 2026,497,49.7,4.97,,0,0,0,0,0,497,49.7,4.97," Rp10,800 "," Rp5,367,600 ", Rp-   ," Rp5,367,600 ",,08 March 2026,,,,,0
28,09 March 2026,497,49.7,4.97,,0,0,0,0,0,497,49.7,4.97," Rp10,800 "," Rp5,367,600 ", Rp-   ," Rp5,367,600 ",,09 March 2026,,,,,0
29,10 March 2026,497,49.7,4.97,,0,0,0,0,0,497,49.7,4.97," Rp10,800 "," Rp5,367,600 ", Rp-   ," Rp5,367,600 ",,10 March 2026,,,,,0
30,11 March 2026,497,49.7,4.97,,0,0,0,0,0,497,49.7,4.97," Rp10,800 "," Rp5,367,600 ", Rp-   ," Rp5,367,600 ",,11 March 2026,,,,,0
31,12 March 2026,497,49.7,4.97,,0,0,0,0,0,497,49.7,4.97," Rp10,800 "," Rp5,367,600 ", Rp-   ," Rp5,367,600 ",,12 March 2026,,,,,0
,,,,,,,,,,,,,,,,,,,,,,,,
,,,,,,,,,,,,,,,,,,,,,,,,
,,,,,,,,,,,,,,,,,,,,,,,,
,,,,,,,,,,,,,,,,,,,,,,,,