NO,TANGGAL, WS ALAMI , TM ALAMI , BLUZY , ORIENTAL CLASS , TWIN GOLD , FILOS 12F , PS MILD , PS S PURPLE ICE , PS S MANGGO ICE , PS S APPLE ICE , PS S WATERMELON ICE , TOTAL , PEMBAYARAN , SISA HUTANG , KETERANGAN 
1,10 February 2026,,,,,,,,,,,, Rp-   ,, Rp-   ,
2,11 February 2026,,,,,,,,,,,, Rp-   ,, Rp-   ,Penjualan Motoris Tgl 10 -02-2026
3,12 February 2026,,,,,,,,,,,, Rp-   ,, Rp-   ,Penjualan Motoris Tgl 11&12 -02-2026
5,14 February 2026,,,,,,,,,,,, Rp-   ,, Rp-   ,
7,16 February 2026,,,,,,,,,,,, Rp-   ,, Rp-   ,
9,18 February 2026,,,,,,,,,,,, Rp-   ,, Rp-   ,
10,19 February 2026,,,,,,,,,,,, Rp-   ,, Rp-   ,
11,19 February 2026,,,,,,,,,,,, Rp-   ,, Rp-   ,
12,21 February 2026,,,,,,,,,,,, Rp-   ,, Rp-   ,
14,23 February 2026,,,,,,,,,,,, Rp-   ,, Rp-   ,
15,24 February 2026,,,,,,,,,,,, Rp-   ,, Rp-   ,
18,27 February 2026,,,,,,,,,,,, Rp-   ,, Rp-   ,
19,28 February 2026,,,,,,,,,,,, Rp-   ,, Rp-   ,
20,01 March 2026,,,,,,,,,,,, Rp-   ,, Rp-   ,
21,02 March 2026,,,,,,,,,,,, Rp-   ,, Rp-   ,
22,03 March 2026,,,,,,,,,,,, Rp-   ,, Rp-   ,
23,04 March 2026,,,,,,,,,,,, Rp-   ,, Rp-   ,
24,05 March 2026,,,,,,,,,,,, Rp-   ,, Rp-   ,
25,06 March 2026,,,,,,,,,,,, Rp-   ,, Rp-   ,
26,07 March 2026,,,,,,,,,,,, Rp-   ,, Rp-   ,
27,08 March 2026,,,,,,,,,,,, Rp-   ,, Rp-   ,
28,09 March 2026,,,,,,,,,,,, Rp-   ,, Rp-   ,
29,10 March 2026,,,,,,,,,,,, Rp-   ,, Rp-   ,
30,11 March 2026,,,,,,,,,,,, Rp-   ,, Rp-   ,
31,12 March 2026,,,,,,,,,,,, Rp-   ,, Rp-   ,
TOTAL,, Rp-   , Rp-   , Rp-   , Rp-   , Rp-   , Rp-   , Rp-   , Rp-   , Rp-   , Rp-   , Rp-   , Rp-   , Rp-   , Rp-   , Rp-   