PS MILD,,,,,,,,,,,,,,,,,,,,,,,,
NO,TANGGAL,STOCK OAWAL,,,LOADING,,,PENJUALAN,,,SISA,,, HARGA ,NOMINAL HUTANG AWAL,NOMINAL PENJUALAN,NOMINAL SISA HUTANG,,TANGGAL,AGUNG ,SIGIT ,DADANG ,HAFIDZ,TOTAL
,,PACK,SLOP,BALL,PACK,SLOP,BALL,PACK,SLOP,BALL,PACK,SLOP,BALL,,,,,,,,,,,
1,10 February 2026,,0.0,0,,0,0,0,0,0,0,0,0," Rp23,800 ", Rp-   , Rp-   , Rp-   ,,10 February 2026,,,,,0
2,11 February 2026,0,0.0,0,,0,0,0,0,0,0,0,0," Rp23,800 ", Rp-   , Rp-   , Rp-   ,,11 February 2026,,,,,0
3,12 February 2026,0,0.0,0,,0,0,0,0,0,0,0,0," Rp23,800 ", Rp-   , Rp-   , Rp-   ,,12 February 2026,,,,,0
4,13 February 2026,0,0.0,0,,0,0,0,0,0,0,0,0," Rp23,800 ", Rp-   , Rp-   , Rp-   ,,13 February 2026,,,,,0
5,14 February 2026,0,0.0,0,,0,0,0,0,0,0,0,0," Rp23,800 ", Rp-   , Rp-   , Rp-   ,,14 February 2026,,,,,0
6,15 February 2026,0,0.0,0,,0,0,0,0,0,0,0,0," Rp23,800 ", Rp-   , Rp-   , Rp-   ,,15 February 2026,,,,,0
7,16 February 2026,0,0.0,0,,0,0,0,0,0,0,0,0," Rp23,800 ", Rp-   , Rp-   , Rp-   ,,16 February 2026,,,,,0
8,17 February 2026,0,0.0,0,,0,0,0,0,0,0,0,0," Rp23,800 ", Rp-   , Rp-   , Rp-   ,,17 February 2026,,,,,0
9,18 February 2026,0,0.0,0,,0,0,0,0,0,0,0,0," Rp23,800 ", Rp-   , Rp-   , Rp-   ,,18 February 2026,,,,,0
10,19 February 2026,0,0.0,0,,0,0,0,0,0,0,0,0," Rp23,800 ", Rp-   , Rp-   , Rp-   ,,19 February 2026,,,,,0
11,20 February 2026,0,0.0,0,,0,0,0,0,0,0,0,0," Rp23,800 ", Rp-   , Rp-   , Rp-   ,,20 February 2026,,,,,0
12,21 February 2026,0,0.0,0,,0,0,0,0,0,0,0,0," Rp23,800 ", Rp-   , Rp-   , Rp-   ,,21 February 2026,,,,,0
13,22 February 2026,0,0.0,0,,0,0,0,0,0,0,0,0," Rp23,800 ", Rp-   , Rp-   , Rp-   ,,22 February 2026,,,,,0
14,23 February 2026,0,0.0,0,,0,0,0,0,0,0,0,0," Rp23,800 ", Rp-   , Rp-   , Rp-   ,,23 February 2026,,,,,0
15,24 February 2026,0,0.0,0,,0,0,0,0,0,0,0,0," Rp23,800 ", Rp-   , Rp-   , Rp-   ,,24 February 2026,,,,,0
16,25 February 2026,0,0.0,0,,0,0,0,0,0,0,0,0," Rp23,800 ", Rp-   , Rp-   , Rp-   ,,25 February 2026,,,,,0
17,26 February 2026,0,0.0,0,,0,0,0,0,0,0,0,0," Rp23,800 ", Rp-   , Rp-   , Rp-   ,,26 February 2026,,,,,0
18,27 February 2026,0,0.0,0,,0,0,0,0,0,0,0,0," Rp23,800 ", Rp-   , Rp-   , Rp-   ,,27 February 2026,,,,,0
19,28 February 2026,0,0.0,0,,0,0,0,0,0,0,0,0," Rp23,800 ", Rp-   , Rp-   , Rp-   ,,28 February 2026,0,0,0,0,0
20,01 March 2026,0,0.0,0,,0,0,0,0,0,0,0,0," Rp23,800 ", Rp-   , Rp-   , Rp-   ,,01 March 2026,0,0,0,0,0
21,02 March 2026,0,0.0,0,,0,0,0,0,0,0,0,0," Rp23,800 ", Rp-   , Rp-   , Rp-   ,,02 March 2026,,,,,0
22,03 March 2026,0,0.0,0,,0,0,0,0,0,0,0,0," Rp23,800 ", Rp-   , Rp-   , Rp-   ,,03 March 2026,,,,,0
23,04 March 2026,0,0.0,0,,0,0,0,0,0,0,0,0," Rp23,800 ", Rp-   , Rp-   , Rp-   ,,04 March 2026,,,,,0
24,05 March 2026,0,0.0,0,,0,0,0,0,0,0,0,0," Rp23,800 ", Rp-   , Rp-   , Rp-   ,,05 March 2026,,,,,0
25,06 March 2026,0,0.0,0,,0,0,0,0,0,0,0,0," Rp23,800 ", Rp-   , Rp-   , Rp-   ,,06 March 2026,,,,,0
26,07 March 2026,0,0.0,0,,0,0,0,0,0,0,0,0," Rp23,800 ", Rp-   , Rp-   , Rp-   ,,07 March 2026,,,,,0
27,08 March 2026,0,0.0,0,,0,0,0,0,0,0,0,0," Rp23,800 ", Rp-   , Rp-   , Rp-   ,,08 March 2026,,,,,0
28,09 March 2026,0,0.0,0,,0,0,0,0,0,0,0,0," Rp23,800 ", Rp-   , Rp-   , Rp-   ,,09 March 2026,,,,,0
29,10 March 2026,0,0.0,0,,0,0,0,0,0,0,0,0," Rp23,800 ", Rp-   , Rp-   , Rp-   ,,10 March 2026,,,,,0
30,11 March 2026,0,0.0,0,,0,0,0,0,0,0,0,0," Rp23,800 ", Rp-   , Rp-   , Rp-   ,,11 March 2026,,,,,0
31,12 March 2026,0,0.0,0,,0,0,0,0,0,0,0,0," Rp23,800 ", Rp-   , Rp-   , Rp-   ,,12 March 2026,,,,,0