PS SPLASH MANGGO ICE,,,,,,,,,,,,,,,,,,,,,,,,
NO,TANGGAL,STOCK OAWAL,,,LOADING,,,PENJUALAN,,,SISA,,, HARGA ,NOMINAL HUTANG AWAL,NOMINAL PENJUALAN,NOMINAL SISA HUTANG,,TANGGAL,AGUNG ,SIGIT ,DADANG ,HAFIDZ,TOTAL
,,PACK,SLOP,BALL,PACK,SLOP,BALL,PACK,SLOP,BALL,PACK,SLOP,BALL,,,,,,,,,,,
1,10 February 2026,,0.0,0,,0,0,0,0,0,0,0,0," Rp24,800 ", Rp-   , Rp-   , Rp-   ,,10 February 2026,,,,,0
2,11 February 2026,0,0.0,0,,0,0,0,0,0,0,0,0," Rp24,800 ", Rp-   , Rp-   , Rp-   ,,11 February 2026,,,,,0
3,12 February 2026,0,0.0,0,,0,0,0,0,0,0,0,0," Rp24,800 ", Rp-   , Rp-   , Rp-   ,,12 February 2026,,,,,0
4,13 February 2026,0,0.0,0,,0,0,0,0,0,0,0,0," Rp24,800 ", Rp-   , Rp-   , Rp-   ,,13 February 2026,,,,,0
5,14 February 2026,0,0.0,0,,0,0,0,0,0,0,0,0," Rp24,800 ", Rp-   , Rp-   , Rp-   ,,14 February 2026,,,,,0
6,15 February 2026,0,0.0,0,,0,0,0,0,0,0,0,0," Rp24,800 ", Rp-   , Rp-   , Rp-   ,,15 February 2026,,,,,0
7,16 February 2026,0,0.0,0,,0,0,0,0,0,0,0,0," Rp24,800 ", Rp-   , Rp-   , Rp-   ,,16 February 2026,,,,,0
8,17 February 2026,0,0.0,0,,0,0,0,0,0,0,0,0," Rp24,800 ", Rp-   , Rp-   , Rp-   ,,17 February 2026,,,,,0
9,18 February 2026,0,0.0,0,,0,0,0,0,0,0,0,0," Rp24,800 ", Rp-   , Rp-   , Rp-   ,,18 February 2026,,,,,0
10,19 February 2026,0,0.0,0,,0,0,0,0,0,0,0,0," Rp24,800 ", Rp-   , Rp-   , Rp-   ,,19 February 2026,,,,,0
11,20 February 2026,0,0.0,0,,0,0,0,0,0,0,0,0," Rp24,800 ", Rp-   , Rp-   , Rp-   ,,20 February 2026,,,,,0
12,21 February 2026,0,0.0,0,100,10,1,13,1.3,0.13,87,8.7,0.87," Rp24,800 ", Rp-   ," Rp322,400 "," Rp2,157,600 ",,21 February 2026,6,7,0,0,13
13,22 February 2026,87,8.7,0.87,,0,0,7,0.7,0.07,80,8,0.8," Rp24,800 "," Rp2,157,600 "," Rp173,600 "," Rp1,984,000 ",,22 February 2026,1,0,0,6,7
14,23 February 2026,80,8.0,0.8,,0,0,2,0.2,0.02,78,7.8,0.78," Rp24,800 "," Rp1,984,000 "," Rp49,600 "," Rp1,934,400 ",,23 February 2026,2,0,0,0,2
15,24 February 2026,78,7.8,0.78,,0,0,3,0.3,0.03,75,7.5,0.75," Rp24,800 "," Rp1,934,400 "," Rp74,400 "," Rp1,860,000 ",,24 February 2026,0,2,0,1,3
16,25 February 2026,75,7.5,0.75,,0,0,5,0.5,0.05,70,7,0.7," Rp24,800 "," Rp1,860,000 "," Rp124,000 "," Rp1,736,000 ",,25 February 2026,0,0,5,0,5
17,26 February 2026,70,7.0,0.7,,0,0,9,0.9,0.09,61,6.1,0.61," Rp24,800 "," Rp1,736,000 "," Rp223,200 "," Rp1,512,800 ",,26 February 2026,0,9,0,0,9
18,27 February 2026,61,6.1,0.61,,0,0,0,0,0,61,6.1,0.61," Rp24,800 "," Rp1,512,800 ", Rp-   ," Rp1,512,800 ",,27 February 2026,,,,,0
19,28 February 2026,61,6.1,0.61,,0,0,0,0,0,61,6.1,0.61," Rp24,800 "," Rp1,512,800 ", Rp-   ," Rp1,512,800 ",,28 February 2026,0,0,0,0,0
20,01 March 2026,61,6.1,0.61,,0,0,0,0,0,61,6.1,0.61," Rp24,800 "," Rp1,512,800 ", Rp-   ," Rp1,512,800 ",,01 March 2026,,,,,0
21,02 March 2026,61,6.1,0.61,,0,0,0,0,0,61,6.1,0.61," Rp24,800 "," Rp1,512,800 ", Rp-   ," Rp1,512,800 ",,02 March 2026,,,,,0
22,03 March 2026,61,6.1,0.61,,0,0,0,0,0,61,6.1,0.61," Rp24,800 "," Rp1,512,800 ", Rp-   ," Rp1,512,800 ",,03 March 2026,,,,,0
23,04 March 2026,61,6.1,0.61,,0,0,0,0,0,61,6.1,0.61," Rp24,800 "," Rp1,512,800 ", Rp-   ," Rp1,512,800 ",,04 March 2026,,,,,0
24,05 March 2026,61,6.1,0.61,,0,0,0,0,0,61,6.1,0.61," Rp24,800 "," Rp1,512,800 ", Rp-   ," Rp1,512,800 ",,05 March 2026,,,,,0
25,06 March 2026,61,6.1,0.61,,0,0,0,0,0,61,6.1,0.61," Rp24,800 "," Rp1,512,800 ", Rp-   ," Rp1,512,800 ",,06 March 2026,,,,,0
26,07 March 2026,61,6.1,0.61,,0,0,0,0,0,61,6.1,0.61," Rp24,800 "," Rp1,512,800 ", Rp-   ," Rp1,512,800 ",,07 March 2026,,,,,0
27,08 March 2026,61,6.1,0.61,,0,0,0,0,0,61,6.1,0.61," Rp24,800 "," Rp1,512,800 ", Rp-   ," Rp1,512,800 ",,08 March 2026,,,,,0
28,09 March 2026,61,6.1,0.61,,0,0,0,0,0,61,6.1,0.61," Rp24,800 "," Rp1,512,800 ", Rp-   ," Rp1,512,800 ",,09 March 2026,,,,,0
29,10 March 2026,61,6.1,0.61,,0,0,0,0,0,61,6.1,0.61," Rp24,800 "," Rp1,512,800 ", Rp-   ," Rp1,512,800 ",,10 March 2026,,,,,0
30,11 March 2026,61,6.1,0.61,,0,0,0,0,0,61,6.1,0.61," Rp24,800 "," Rp1,512,800 ", Rp-   ," Rp1,512,800 ",,11 March 2026,,,,,0
31,12 March 2026,61,6.1,0.61,,0,0,0,0,0,61,6.1,0.61," Rp24,800 "," Rp1,512,800 ", Rp-   ," Rp1,512,800 ",,12 March 2026,,,,,0